Original Text,Prompt,Synthetic,Label,Stage
"Coin Toss: Morgan Stanley Raises Tesla Bull Case To $500, Keeps Bear Case At $10 https://t.co/hjXizuPs7Z","HEADLINE: Coin Toss: Morgan Stanley Raises Tesla Bull Case To $500, Keeps Bear Case At $10 https://t.co/hjXizuPs7Z\n\nTASK: Create another headline that is similar in theme, but different in terms of entities mentioned and the same in sentiment (NEUTRAL/MIXED). If the sentiment is ambiguous, make it more clear. Modify the headline such that a financial analyst would 100% certainly classify the headline sentiment as NEUTRAL/MIXED","Goldman Sachs Sets Apple Price Targets: $240 Bull Case on AI Innovation Success, $95 Bear Case on China Market Loss, Maintains $165 Neutral Rating",NEUTRAL/MIXED,v0-1
Optimi Health Announces Closing of Strategic Non-Brokered Private Placement -- Chip Wilson expands current share position and commits gross proceeds of up to $3.27 million Chip Wilson expands current,"HEADLINE: Optimi Health Announces Closing of Strategic Non-Brokered Private Placement -- Chip Wilson expands current share position and commits gross proceeds of up to $3.27 million Chip Wilson expands current\n\nTASK: Create another headline that is similar in theme, but different in terms of entities mentioned and the same in sentiment (POSITIVE). If the sentiment is ambiguous, make it more clear. Modify the headline such that a financial analyst would 100% certainly classify the headline sentiment as POSITIVE",NeuroTech Therapeutics Secures $5.8 Million Strategic Investment from Mark Cuban -- Billionaire investor significantly increases stake and leads oversubscribed funding round,POSITIVE,v0-1
"The Supreme Cannabis Company, Inc. Consensus Forecasts Have Become A Little Darker Since Its Latest Report","HEADLINE: The Supreme Cannabis Company, Inc. Consensus Forecasts Have Become A Little Darker Since Its Latest Report\n\nTASK: Create another headline that is similar in theme, but different in terms of entities mentioned and the same in sentiment (NEGATIVE). If the sentiment is ambiguous, make it more clear. Modify the headline such that a financial analyst would 100% certainly classify the headline sentiment as NEGATIVE","Aurora Cannabis Analyst Forecasts Plummet 40% Following Devastating Quarterly Loss, with Multiple Downgrades and Price Targets Slashed to Record Lows",NEGATIVE,v0-1
Boeing reports 30 new orders for the troubled 737 Max in November https://t.co/jGejqEi0oT,"HEADLINE: Boeing reports 30 new orders for the troubled 737 Max in November https://t.co/jGejqEi0oT\n\nTASK: Create another headline that is similar in theme, but different in terms of entities mentioned and the same in sentiment (POSITIVE). If the sentiment is ambiguous, make it more clear. Modify the headline such that a financial analyst would 100% certainly classify the headline sentiment as POSITIVE","Airbus secures record-breaking 45 new orders for A320neo family in October, surpassing quarterly targets",POSITIVE,v0-1
UPDATE 1-California sues e-cigarette maker Juul for selling nicotine products to youth,"HEADLINE: UPDATE 1-California sues e-cigarette maker Juul for selling nicotine products to youth\n\nTASK: Create another headline that is similar in theme, but different in terms of entities mentioned and the same in sentiment (NEGATIVE). If the sentiment is ambiguous, make it more clear. Modify the headline such that a financial analyst would 100% certainly classify the headline sentiment as NEGATIVE","Texas Attorney General Files Devastating $5 Billion Lawsuit Against Vape Company Puff Bar for Illegally Targeting Minors, Seeking Criminal Charges and Immediate Market Ban",NEGATIVE,v0-1
China debates drastically reducing or even abandoning its economic growth target https://t.co/teaFgtMN0p,"HEADLINE: China debates drastically reducing or even abandoning its economic growth target https://t.co/teaFgtMN0p\n\nTASK: Create another headline that is similar in theme, but different in terms of entities mentioned and the same in sentiment (NEGATIVE). If the sentiment is ambiguous, make it more clear. Modify the headline such that a financial analyst would 100% certainly classify the headline sentiment as NEGATIVE",Germany Admits Complete Failure to Meet 2025 GDP Targets as Officials Consider Emergency Abandonment of Growth Forecasts Amid Deepening Recession and Industrial Collapse,NEGATIVE,v0-1
$WDC holding up well and hits @MarketSmith Scan #IBDPartner remains solid over 65.25 @InvestorsBusinessDaily... https://t.co/pMhjILOK3Q,"HEADLINE: $WDC holding up well and hits @MarketSmith Scan #IBDPartner remains solid over 65.25 @InvestorsBusinessDaily... https://t.co/pMhjILOK3Q\n\nTASK: Create another headline that is similar in theme, but different in terms of entities mentioned and the same in sentiment (NEUTRAL/MIXED). If the sentiment is ambiguous, make it more clear. Modify the headline such that a financial analyst would 100% certainly classify the headline sentiment as NEUTRAL/MIXED","$NVDA Trading at 482.50, Appears on StockCharts Technical Scan While RSI Indicator Shows 52 Reading Between Overbought and Oversold Levels",NEUTRAL/MIXED,v0-1
Traction Uranium Identifies Broad Gravity Lows at Key Lake South (KLS) Uranium Project Completing Phase 2 of the Fall Field Program --  Traction Uranium Corp. (CSE: TRAC) (OTC: TRCTF) (FRA: Z1K) (the,"HEADLINE: Traction Uranium Identifies Broad Gravity Lows at Key Lake South (KLS) Uranium Project Completing Phase 2 of the Fall Field Program --  Traction Uranium Corp. (CSE: TRAC) (OTC: TRCTF) (FRA: Z1K) (the\n\nTASK: Create another headline that is similar in theme, but different in terms of entities mentioned and the same in sentiment (POSITIVE). If the sentiment is ambiguous, make it more clear. Modify the headline such that a financial analyst would 100% certainly classify the headline sentiment as POSITIVE",Lithium Americas Discovers High-Grade Mineralization at Thacker Pass Project Successfully Advancing to Production Phase -- Multiple Drill Holes Exceed Target Concentrations by 40%,POSITIVE,v0-1
"Erdene Renews Local Cooperation Agreement And Provides Environmental, Social And Governance Update --  Erdene Resource Development Corporation (TSX: ERD | MSE: ERDN) (“Erdene” or the “Company”) is ple","HEADLINE: Erdene Renews Local Cooperation Agreement And Provides Environmental, Social And Governance Update --  Erdene Resource Development Corporation (TSX: ERD | MSE: ERDN) (“Erdene” or the “Company”) is ple\n\nTASK: Create another headline that is similar in theme, but different in terms of entities mentioned and the same in sentiment (POSITIVE). If the sentiment is ambiguous, make it more clear. Modify the headline such that a financial analyst would 100% certainly classify the headline sentiment as POSITIVE",Barrick Gold Expands Community Partnership Program and Achieves Industry-Leading ESG Rating -- Secures 10-Year Agreement with Indigenous Groups and Reports 35% Reduction in Carbon Emissions,POSITIVE,v0-1
"Koios Provides Most Current Update on Status of MCTO --  Koios Beverage Corp. (CSE: FIT; OTC: FITSF) (the ""Company"" or ""Koios"") is providing this update on the status of a management cease trade order","HEADLINE: Koios Provides Most Current Update on Status of MCTO --  Koios Beverage Corp. (CSE: FIT; OTC: FITSF) (the ""Company"" or ""Koios"") is providing this update on the status of a management cease trade order\n\nTASK: Create another headline that is similar in theme, but different in terms of entities mentioned and the same in sentiment (NEUTRAL/MIXED). If the sentiment is ambiguous, make it more clear. Modify the headline such that a financial analyst would 100% certainly classify the headline sentiment as NEUTRAL/MIXED",Neptune Wellness Solutions Issues Quarterly Update on Ontario Securities Commission Filing Requirements Review Process Currently in Progress Since August 15,NEUTRAL/MIXED,v0-1
"$MELI - MercadoLibre EPS misses by $0.34, beats on revenue https://t.co/lEwt1lssRh","HEADLINE: $MELI - MercadoLibre EPS misses by $0.34, beats on revenue https://t.co/lEwt1lssRh\n\nTASK: Create another headline that is similar in theme, but different in terms of entities mentioned and the same in sentiment (NEUTRAL/MIXED). If the sentiment is ambiguous, make it more clear. Modify the headline such that a financial analyst would 100% certainly classify the headline sentiment as NEUTRAL/MIXED","SHOP - Shopify Reports Q3 Results: EPS Beats Consensus by 0.21, Revenue Misses Estimates by $85 Million",NEUTRAL/MIXED,v0-1
"Baidu Leads the Way in Innovation with 5,712 Artificial Intelligence Patent Applications  https://t.co/btciiZtLpZ","HEADLINE: Baidu Leads the Way in Innovation with 5,712 Artificial Intelligence Patent Applications  https://t.co/btciiZtLpZ\n\nTASK: Create another headline that is similar in theme, but different in terms of entities mentioned and the same in sentiment (POSITIVE). If the sentiment is ambiguous, make it more clear. Modify the headline such that a financial analyst would 100% certainly classify the headline sentiment as POSITIVE","Microsoft Dominates Cloud Computing Innovation with 7,200 Patent Filings, Surpassing Competitors by 40% and Accelerating R&D Investment to Record $28 Billion",POSITIVE,v0-1
Fortuna reports that construction at its Séguéla gold Project is 83 percent complete --  Fortuna Silver Mines Inc. (NYSE: FSM) (TSX: FVI) is pleased to provide an update on construction activities at,"HEADLINE: Fortuna reports that construction at its Séguéla gold Project is 83 percent complete --  Fortuna Silver Mines Inc. (NYSE: FSM) (TSX: FVI) is pleased to provide an update on construction activities at\n\nTASK: Create another headline that is similar in theme, but different in terms of entities mentioned and the same in sentiment (NEUTRAL/MIXED). If the sentiment is ambiguous, make it more clear. Modify the headline such that a financial analyst would 100% certainly classify the headline sentiment as NEUTRAL/MIXED",Barrick Gold Announces Pueblo Viejo Expansion Project in Dominican Republic Reaches 67% Construction Completion as of October 31 Milestone Review,NEUTRAL/MIXED,v0-1
"So I think there have been substantial headwinds. This really, really started with what's been going on with the pandemic. But even earlier, we respected the cost basis. But we think that Logistics wi","HEADLINE: So I think there have been substantial headwinds. This really, really started with what's been going on with the pandemic. But even earlier, we respected the cost basis. But we think that Logistics wi\n\nTASK: Create another headline that is similar in theme, but different in terms of entities mentioned and the same in sentiment (NEGATIVE). If the sentiment is ambiguous, make it more clear. Modify the headline such that a financial analyst would 100% certainly classify the headline sentiment as NEGATIVE","FedEx CEO Warns of 'Unprecedented Operational Crisis' as Supply Chain Disruptions Worsen, Citing $2 Billion Loss Impact and 'No Clear Path to Recovery' Through 2026",NEGATIVE,v0-1
Brasileiro S A Petrobras : Petrobras on new oil discovery in Campos Basin  #Stock #MarketScreener… https://t.co/z4Cv2zQSqv,"HEADLINE: Brasileiro S A Petrobras : Petrobras on new oil discovery in Campos Basin  #Stock #MarketScreener… https://t.co/z4Cv2zQSqv\n\nTASK: Create another headline that is similar in theme, but different in terms of entities mentioned and the same in sentiment (POSITIVE). If the sentiment is ambiguous, make it more clear. Modify the headline such that a financial analyst would 100% certainly classify the headline sentiment as POSITIVE","ExxonMobil Announces Major Oil Discovery in Guyana Waters -- Estimated 2 Billion Barrels of Recoverable Resources Exceeds Initial Projections by 60%, Boosting Total Reserves to Record Levels",POSITIVE,v0-1
"And so when the team speaks about the areas where they believe they have opportunities, there's still opportunities just in regionalization as we continue to hone that, but I also think, in many ways,","HEADLINE: And so when the team speaks about the areas where they believe they have opportunities, there's still opportunities just in regionalization as we continue to hone that, but I also think, in many ways,\n\nTASK: Create another headline that is similar in theme, but different in terms of entities mentioned and the same in sentiment (NEUTRAL/MIXED). If the sentiment is ambiguous, make it more clear. Modify the headline such that a financial analyst would 100% certainly classify the headline sentiment as NEUTRAL/MIXED","Target CFO States Company Evaluating Both Digital Expansion and Store Optimization Strategies, Notes Market Share Remains at 8.2% While Considering Various Operational Adjustments",NEUTRAL/MIXED,v0-1
GINSMS Announces Agreement for Loan Repayment by Shares for Debt --  GINSMS Inc. (“GINSMS” or the “Corporation”) (TSXV: GOK) is pleased to announce that it has entered into an agreement with Joel Sian,"HEADLINE: GINSMS Announces Agreement for Loan Repayment by Shares for Debt --  GINSMS Inc. (“GINSMS” or the “Corporation”) (TSXV: GOK) is pleased to announce that it has entered into an agreement with Joel Sian\n\nTASK: Create another headline that is similar in theme, but different in terms of entities mentioned and the same in sentiment (POSITIVE). If the sentiment is ambiguous, make it more clear. Modify the headline such that a financial analyst would 100% certainly classify the headline sentiment as POSITIVE",Tesla Successfully Restructures $3.2 Billion Debt at 2% Lower Interest Rate -- Strategic Refinancing Strengthens Balance Sheet and Saves $150 Million Annually While Extending Maturity by 5 Years,POSITIVE,v0-1
"Siloed Approach to World’s Environmental and Social Challenges Risks Achievement of UN’s SDGs, says Barrick --  The achievement of the United Nations’ 17 Sustainable Development Goals (SDGs) by 2030 w","HEADLINE: Siloed Approach to World’s Environmental and Social Challenges Risks Achievement of UN’s SDGs, says Barrick --  The achievement of the United Nations’ 17 Sustainable Development Goals (SDGs) by 2030 w\n\nTASK: Create another headline that is similar in theme, but different in terms of entities mentioned and the same in sentiment (NEGATIVE). If the sentiment is ambiguous, make it more clear. Modify the headline such that a financial analyst would 100% certainly classify the headline sentiment as NEGATIVE","Rio Tinto Faces $3 Billion ESG Crisis as Major Investors Divest Over 'Catastrophic Failure' to Meet Climate Targets, Triggering Credit Downgrades and License Revocations",NEGATIVE,v0-1
"Next, let's turn to capital investments. We define our capital investments as a combination of CapEx plus equipment finance leases. In 2023, full year CapEx was $48.4 billion, which was down $10.2 bil","HEADLINE: Next, let's turn to capital investments. We define our capital investments as a combination of CapEx plus equipment finance leases. In 2023, full year CapEx was $48.4 billion, which was down $10.2 bil\n\nTASK: Create another headline that is similar in theme, but different in terms of entities mentioned and the same in sentiment (POSITIVE). If the sentiment is ambiguous, make it more clear. Modify the headline such that a financial analyst would 100% certainly classify the headline sentiment as POSITIVE","Amazon Announces Strategic $52 Billion Capital Investment Program for 2024 -- Focus on High-Return AI Infrastructure and Logistics Expansion Expected to Generate 25% ROI and Create 50,000 New Jobs",POSITIVE,v0-1
"In summary, we are actively promoting MydCombi and we'll be leveraging our new agreement with Vision Source. We are preparing to commercialize Clobetasol and will [indiscernible] our new agreement wit","HEADLINE: In summary, we are actively promoting MydCombi and we'll be leveraging our new agreement with Vision Source. We are preparing to commercialize Clobetasol and will [indiscernible] our new agreement wit\n\nTASK: Create another headline that is similar in theme, but different in terms of entities mentioned and the same in sentiment (POSITIVE). If the sentiment is ambiguous, make it more clear. Modify the headline such that a financial analyst would 100% certainly classify the headline sentiment as POSITIVE",Pfizer Accelerates Market Launch of Three Blockbuster Drugs Following FDA Approval -- Exclusive Distribution Partnership with CVS Health Projected to Drive $4.5 Billion in Annual Revenue by 2026,POSITIVE,v0-1
RPT-ASIA COPPER WEEK-Freeport sees sharp drop in copper treatment charges next year,"HEADLINE: RPT-ASIA COPPER WEEK-Freeport sees sharp drop in copper treatment charges next year\n\nTASK: Create another headline that is similar in theme, but different in terms of entities mentioned and the same in sentiment (NEUTRAL/MIXED). If the sentiment is ambiguous, make it more clear. Modify the headline such that a financial analyst would 100% certainly classify the headline sentiment as NEUTRAL/MIXED",Glencore Projects Zinc Treatment Charges to Increase 15% in 2026 Following Negotiations with European Smelters at London Metal Exchange Week,NEUTRAL/MIXED,v0-1
"Dividend Select 15 Corp. Declares Monthly Dividend --  Dividend Select 15 Corp. (The ""Company"") declares its monthly distribution of $0.06717 per Equity share. The distribution is payable November 10,","HEADLINE: Dividend Select 15 Corp. Declares Monthly Dividend --  Dividend Select 15 Corp. (The ""Company"") declares its monthly distribution of $0.06717 per Equity share. The distribution is payable November 10,\n\nTASK: Create another headline that is similar in theme, but different in terms of entities mentioned and the same in sentiment (NEGATIVE). If the sentiment is ambiguous, make it more clear. Modify the headline such that a financial analyst would 100% certainly classify the headline sentiment as NEGATIVE",Global Income Fund Forced to Slash Dividend by 85% to $0.008 Per Share and Warns of Complete Suspension Next Quarter Amid Liquidity Crisis and NAV Collapse,NEGATIVE,v0-1
"$ITRN - Ituran Location EPS misses by $0.08, misses on revenue https://t.co/4ed282tRz5","HEADLINE: $ITRN - Ituran Location EPS misses by $0.08, misses on revenue https://t.co/4ed282tRz5\n\nTASK: Create another headline that is similar in theme, but different in terms of entities mentioned and the same in sentiment (NEGATIVE). If the sentiment is ambiguous, make it more clear. Modify the headline such that a financial analyst would 100% certainly classify the headline sentiment as NEGATIVE","TSLA - Tesla Catastrophically Misses Q4 EPS by 0.45 (40% Below Consensus), Revenue Falls Short by $3.2 Billion as Demand Plummets and Guidance Withdrawn",NEGATIVE,v0-1
"Two key regulators are holding off on easing Wall Street debt limits, leaving billions of dollars locked up that co… https://t.co/5zt7KEvjNG","HEADLINE: Two key regulators are holding off on easing Wall Street debt limits, leaving billions of dollars locked up that co… https://t.co/5zt7KEvjNG\n\nTASK: Create another headline that is similar in theme, but different in terms of entities mentioned and the same in sentiment (NEUTRAL/MIXED). If the sentiment is ambiguous, make it more clear. Modify the headline such that a financial analyst would 100% certainly classify the headline sentiment as NEUTRAL/MIXED","Federal Reserve and Treasury Department Maintain Current Bank Capital Requirements at 12% Through Q2 2026, Affecting $4.3 Trillion in Asset Allocations Across 15 Major Financial Institutions",NEUTRAL/MIXED,v0-1
$ECONX: Nonfarm Payroll Revisions- October revised to 156K from 128K; September revised to 193K from 180K https://t.co/WOg237QKLC,"HEADLINE: $ECONX: Nonfarm Payroll Revisions- October revised to 156K from 128K; September revised to 193K from 180K https://t.co/WOg237QKLC\n\nTASK: Create another headline that is similar in theme, but different in terms of entities mentioned and the same in sentiment (POSITIVE). If the sentiment is ambiguous, make it more clear. Modify the headline such that a financial analyst would 100% certainly classify the headline sentiment as POSITIVE",U.S. GDP Growth Revised Sharply Higher to 4.2% from Initial 3.5% Estimate -- Consumer Spending Surges 5.1% Beating All Analyst Forecasts as Unemployment Drops to 3.2% Historic Low,POSITIVE,v0-1
"OROCO EXTENDS STRIKE WITH SOUTH ZONE DRILL SUCCESS --  Oroco Resource Corp. (TSX-V: OCO, OTC: ORRCF) (“Oroco” or “the Company”) announces assay results from drill holes S001 through S003 (2,052 m of d","HEADLINE: OROCO EXTENDS STRIKE WITH SOUTH ZONE DRILL SUCCESS --  Oroco Resource Corp. (TSX-V: OCO, OTC: ORRCF) (“Oroco” or “the Company”) announces assay results from drill holes S001 through S003 (2,052 m of d\n\nTASK: Create another headline that is similar in theme, but different in terms of entities mentioned and the same in sentiment (NEUTRAL/MIXED). If the sentiment is ambiguous, make it more clear. Modify the headline such that a financial analyst would 100% certainly classify the headline sentiment as NEUTRAL/MIXED","First Quantum Minerals Reports West Africa Project Drill Results: Hole WA-047 Shows 0.42% Copper Over 185 Meters at 320 Meter Depth, Completes 8,500 Meter Program",NEUTRAL/MIXED,v0-1
"engage:BDR : 25 New Clients, Revenue Growth & Balance Sheet Improvements #engage:BDR #Stock #MarketScreener… https://t.co/bwNFFeO1w4","HEADLINE: engage:BDR : 25 New Clients, Revenue Growth & Balance Sheet Improvements #engage:BDR #Stock #MarketScreener… https://t.co/bwNFFeO1w4\n\nTASK: Create another headline that is similar in theme, but different in terms of entities mentioned and the same in sentiment (POSITIVE). If the sentiment is ambiguous, make it more clear. Modify the headline such that a financial analyst would 100% certainly classify the headline sentiment as POSITIVE","Salesforce Wins 42 Enterprise Contracts in Q3, Posts Record 38% Revenue Growth and Achieves $8 Billion Cash Position -- Operating Margins Expand 500 Basis Points Year-Over-Year",POSITIVE,v0-1
Latin Metals Announces Closing of Private Placement for Gross Proceeds of $1.227 Million --  Latin Metals Inc. (“Latin Metals” or the “Company”) (TSXV: LMS) (OTCQB: LMSQF) announces that it has closed,"HEADLINE: Latin Metals Announces Closing of Private Placement for Gross Proceeds of $1.227 Million --  Latin Metals Inc. (“Latin Metals” or the “Company”) (TSXV: LMS) (OTCQB: LMSQF) announces that it has closed\n\nTASK: Create another headline that is similar in theme, but different in terms of entities mentioned and the same in sentiment (POSITIVE). If the sentiment is ambiguous, make it more clear. Modify the headline such that a financial analyst would 100% certainly classify the headline sentiment as POSITIVE","Lithium Resources Successfully Closes Oversubscribed $3.5 Million Private Placement at 15% Premium to Market Price -- Strategic Investors Include Major Battery Manufacturers, Funds Accelerate Production Timeline by 6 Months",POSITIVE,v0-1
Agra Ventures Applauds US President Biden’s Statement on Cannabis Reform and Decriminalization -- The Company is Also Hopeful That the Statement Will Add Positive Momentum to the Current Federal Revie,"HEADLINE: Agra Ventures Applauds US President Biden’s Statement on Cannabis Reform and Decriminalization -- The Company is Also Hopeful That the Statement Will Add Positive Momentum to the Current Federal Revie\n\nTASK: Create another headline that is similar in theme, but different in terms of entities mentioned and the same in sentiment (POSITIVE). If the sentiment is ambiguous, make it more clear. Modify the headline such that a financial analyst would 100% certainly classify the headline sentiment as POSITIVE","Tesla Surges 8% as EPA Announces $12 Billion Federal EV Infrastructure Program -- New Regulations Mandate 40% Fleet Electrification by 2027, Analysts Upgrade Price Targets and Project 300% Revenue Growth",POSITIVE,v0-1
$QTRH - WiLAN signs wireless license with LG; shares +7% PM https://t.co/LBIZqbgJv0,"HEADLINE: $QTRH - WiLAN signs wireless license with LG; shares +7% PM https://t.co/LBIZqbgJv0\n\nTASK: Create another headline that is similar in theme, but different in terms of entities mentioned and the same in sentiment (POSITIVE). If the sentiment is ambiguous, make it more clear. Modify the headline such that a financial analyst would 100% certainly classify the headline sentiment as POSITIVE",Qualcomm Secures Landmark 5G Patent License Deal with Apple Worth $8.5 Billion -- Stock Jumps 12% Pre-Market as Agreement Extends Through 2030 and Ends All Legal Disputes,POSITIVE,v0-1
FuelPositive Enters Final Phase of Assembling and Validating First Farm-Ready Demonstration System – Milestone Update: Hydrogen Purity Exceeds Expectations --  FuelPositive Corporation (TSX.V: NHHH) (,"HEADLINE: FuelPositive Enters Final Phase of Assembling and Validating First Farm-Ready Demonstration System – Milestone Update: Hydrogen Purity Exceeds Expectations --  FuelPositive Corporation (TSX.V: NHHH) (\n\nTASK: Create another headline that is similar in theme, but different in terms of entities mentioned and the same in sentiment (POSITIVE). If the sentiment is ambiguous, make it more clear. Modify the headline such that a financial analyst would 100% certainly classify the headline sentiment as POSITIVE","Plug Power Completes Commercial Production of Green Hydrogen Facility 3 Months Ahead of Schedule -- Output Capacity Reaches 150% of Design Target, Secures $450 Million in Customer Pre-Orders from Amazon and Walmart",POSITIVE,v0-1
Ascendant Resources Reports High-Grade Copper Intercept and Extends Footwall Lens to 550 Metre Strike Length With 200 Metre Step-Out Drill Hole in the Venda Nova South Deposit at Lagoa Salgada --  Asc,"HEADLINE: Ascendant Resources Reports High-Grade Copper Intercept and Extends Footwall Lens to 550 Metre Strike Length With 200 Metre Step-Out Drill Hole in the Venda Nova South Deposit at Lagoa Salgada --  Asc\n\nTASK: Create another headline that is similar in theme, but different in terms of entities mentioned and the same in sentiment (POSITIVE). If the sentiment is ambiguous, make it more clear. Modify the headline such that a financial analyst would 100% certainly classify the headline sentiment as POSITIVE","Freeport-McMoRan Discovers Exceptional Gold-Copper Zone Grading 15% Above Reserve Estimates -- Drilling Program Expands Resource by 800 Meters, Analysts Project $2 Billion NPV Increase and Extend Mine Life by 8 Years",POSITIVE,v0-1
One thing I'd like to highlight in our first quarter guidance is that we recently completed a useful life study for our servers and we are increasing the useful life from 5 years to 6 years beginning,"HEADLINE: One thing I'd like to highlight in our first quarter guidance is that we recently completed a useful life study for our servers and we are increasing the useful life from 5 years to 6 years beginning\n\nTASK: Create another headline that is similar in theme, but different in terms of entities mentioned and the same in sentiment (POSITIVE). If the sentiment is ambiguous, make it more clear. Modify the headline such that a financial analyst would 100% certainly classify the headline sentiment as POSITIVE","Microsoft Extends Data Center Equipment Depreciation Schedule to 7 Years from 4 Years -- CFO Projects $3.2 Billion Annual Cost Savings, Boosting Operating Margins by 350 Basis Points and EPS by $0.45",POSITIVE,v0-1
Cornish Metals Signs a New Mineral Lease Adjacent to South Crofty -- The South Carn Brea Exploration Area The South Carn Brea Exploration Area,"HEADLINE: Cornish Metals Signs a New Mineral Lease Adjacent to South Crofty -- The South Carn Brea Exploration Area The South Carn Brea Exploration Area\n\nTASK: Create another headline that is similar in theme, but different in terms of entities mentioned and the same in sentiment (POSITIVE). If the sentiment is ambiguous, make it more clear. Modify the headline such that a financial analyst would 100% certainly classify the headline sentiment as POSITIVE","Rio Tinto Secures Exclusive Rights to 50,000-Hectare High-Grade Lithium Property Adjacent to Producing Mine -- Preliminary Surveys Indicate 40 Million Tonne Resource Potential Worth Estimated $12 Billion at Current Prices",POSITIVE,v0-1
$DEX - Delaware Enhanced Global Dividend & Income Fund cuts dividend by 7% https://t.co/HsCEtA92wa,"HEADLINE: $DEX - Delaware Enhanced Global Dividend & Income Fund cuts dividend by 7% https://t.co/HsCEtA92wa\n\nTASK: Create another headline that is similar in theme, but different in terms of entities mentioned and the same in sentiment (NEGATIVE). If the sentiment is ambiguous, make it more clear. Modify the headline such that a financial analyst would 100% certainly classify the headline sentiment as NEGATIVE","$BDJ - BlackRock Enhanced Equity Dividend Trust Slashes Dividend by 65% to Historic Low, Third Consecutive Cut as Portfolio Hemorrhages Value and Redemptions Accelerate",NEGATIVE,v0-1
"On the expense side, our updated outlook reflects our strengthening view of Q4, including transaction expenses in the mid-teens as a percent of our revenue.","HEADLINE: On the expense side, our updated outlook reflects our strengthening view of Q4, including transaction expenses in the mid-teens as a percent of our revenue.\n\nTASK: Create another headline that is similar in theme, but different in terms of entities mentioned and the same in sentiment (POSITIVE). If the sentiment is ambiguous, make it more clear. Modify the headline such that a financial analyst would 100% certainly classify the headline sentiment as POSITIVE",PayPal Achieves Record Operating Efficiency with Transaction Costs Dropping to 8% of Revenue from 14% -- Management Raises Full-Year Margin Guidance by 400 Basis Points on Successful AI-Driven Cost Optimization,POSITIVE,v0-1
Arctic Glacier Income Fund Announces Final Distribution and Delisting from the CSE --  Arctic Glacier Income Fund (CSE:AG.UN) (the “Fund”) announced today the final distribution to unitholders of the,"HEADLINE: Arctic Glacier Income Fund Announces Final Distribution and Delisting from the CSE --  Arctic Glacier Income Fund (CSE:AG.UN) (the “Fund”) announced today the final distribution to unitholders of the\n\nTASK: Create another headline that is similar in theme, but different in terms of entities mentioned and the same in sentiment (NEGATIVE). If the sentiment is ambiguous, make it more clear. Modify the headline such that a financial analyst would 100% certainly classify the headline sentiment as NEGATIVE","Pacific Dividend Trust Announces Immediate Liquidation and NYSE Delisting After 70% NAV Collapse, Final Distribution Only $0.12 Per Share as Investors Face 90% Capital Loss",NEGATIVE,v0-1
"TC Energy, 3 Rivers Energy Partners to develop renewable natural gas production facility at Jack Daniel Distillery -- Project is TC Energy’s first RNG production investment Project is TC Energy’s firs","HEADLINE: TC Energy, 3 Rivers Energy Partners to develop renewable natural gas production facility at Jack Daniel Distillery -- Project is TC Energy’s first RNG production investment Project is TC Energy’s firs\n\nTASK: Create another headline that is similar in theme, but different in terms of entities mentioned and the same in sentiment (NEUTRAL/MIXED). If the sentiment is ambiguous, make it more clear. Modify the headline such that a financial analyst would 100% certainly classify the headline sentiment as NEUTRAL/MIXED","Enbridge and Green Plains Announce Joint Venture for 45MW Solar Installation at Nebraska Ethanol Plant, Representing Company's Third Renewable Energy Project in Midwest Region",NEUTRAL/MIXED,v0-1
$TOPS TOP Ships (TOPS) Stock Is Rocketing For Multiple Reasons https://t.co/sIG4mQvPRb via @AlphaStockNews1,"HEADLINE: $TOPS TOP Ships (TOPS) Stock Is Rocketing For Multiple Reasons https://t.co/sIG4mQvPRb via @AlphaStockNews1\n\nTASK: Create another headline that is similar in theme, but different in terms of entities mentioned and the same in sentiment (POSITIVE). If the sentiment is ambiguous, make it more clear. Modify the headline such that a financial analyst would 100% certainly classify the headline sentiment as POSITIVE","ZIM Integrated Shipping Soars 35% on Triple Catalyst -- Record Q3 Earnings Beat by 45%, $500 Million Buyback Announced, and Freight Rates Jump 60% on Red Sea Disruptions",POSITIVE,v0-1
Century Announces Feasibility Results for the Joyce Lake DSO Project -- THIS NEWS RELEASE IS NOT FOR DISTRIBUTION TO UNITED STATES NEWSWIRE SERVICESOR DISSEMINATION IN THE UNITED STATES,"HEADLINE: Century Announces Feasibility Results for the Joyce Lake DSO Project -- THIS NEWS RELEASE IS NOT FOR DISTRIBUTION TO UNITED STATES NEWSWIRE SERVICESOR DISSEMINATION IN THE UNITED STATES\n\nTASK: Create another headline that is similar in theme, but different in terms of entities mentioned and the same in sentiment (POSITIVE). If the sentiment is ambiguous, make it more clear. Modify the headline such that a financial analyst would 100% certainly classify the headline sentiment as POSITIVE","BHP Delivers Outstanding Feasibility Study for Copper Mountain Project -- IRR of 28% Exceeds Hurdle Rate by 80%, NPV Reaches $4.7 Billion with Payback Period Under 3 Years, Board Approves Immediate Development",POSITIVE,v0-1
UPS resorted to asking temp workers to use their own cars to keep up with a record-breaking holiday season https://t.co/PXeXSNB6UA,"HEADLINE: UPS resorted to asking temp workers to use their own cars to keep up with a record-breaking holiday season https://t.co/PXeXSNB6UA\n\nTASK: Create another headline that is similar in theme, but different in terms of entities mentioned and the same in sentiment (POSITIVE). If the sentiment is ambiguous, make it more clear. Modify the headline such that a financial analyst would 100% certainly classify the headline sentiment as POSITIVE","FedEx Reports Record-Breaking Holiday Volume Surge of 45% -- Company's Strategic Capacity Investments Pay Off with 99.8% On-Time Delivery, Revenue Beats Guidance by $800 Million as E-Commerce Demand Exceeds All Projections",POSITIVE,v0-1
"We want to protect customers, but can technology solve that in those intermediaries, as an example.","HEADLINE: We want to protect customers, but can technology solve that in those intermediaries, as an example.\n\nTASK: Create another headline that is similar in theme, but different in terms of entities mentioned and the same in sentiment (POSITIVE). If the sentiment is ambiguous, make it more clear. Modify the headline such that a financial analyst would 100% certainly classify the headline sentiment as POSITIVE","JPMorgan Chase Deploys Revolutionary AI Fraud Detection System -- Prevents $2.8 Billion in Customer Losses Annually While Reducing False Positives by 75%, Wins Industry Award for Best Financial Innovation",POSITIVE,v0-1
"Avicanna Announces Extension of Term Loan --  Avicanna Inc. (""Avicanna"" or the ""Company) (TSX: AVCN) (OTCQX: AVCNF) (FSE: 0NN), a commercial stage, international biopharmaceutical company focused on t","HEADLINE: Avicanna Announces Extension of Term Loan --  Avicanna Inc. (""Avicanna"" or the ""Company) (TSX: AVCN) (OTCQX: AVCNF) (FSE: 0NN), a commercial stage, international biopharmaceutical company focused on t\n\nTASK: Create another headline that is similar in theme, but different in terms of entities mentioned and the same in sentiment (POSITIVE). If the sentiment is ambiguous, make it more clear. Modify the headline such that a financial analyst would 100% certainly classify the headline sentiment as POSITIVE",BioGenesis Pharmaceuticals Successfully Secures $75 Million Credit Facility Extension with Favorable Terms and Reduced Interest Rate,POSITIVE,v0-1
"The other thing I'd point out is that we have advanced loaded, I would say, price benefits in our International markets. We think it's a very good source of customer acquisition and customer retention","HEADLINE: The other thing I'd point out is that we have advanced loaded, I would say, price benefits in our International markets. We think it's a very good source of customer acquisition and customer retention\n\nTASK: Create another headline that is similar in theme, but different in terms of entities mentioned and the same in sentiment (NEUTRAL/MIXED). If the sentiment is ambiguous, make it more clear. Modify the headline such that a financial analyst would 100% certainly classify the headline sentiment as NEUTRAL/MIXED","Amazon Executive Notes European Operations Implementing Variable Pricing Model Across 12 Markets, Customer Acquisition Costs Currently at $47 Per User with Retention Rate at 73%",NEUTRAL/MIXED,v0-1
"$ELY - Callaway Golf EPS misses by $0.03, beats on revenue https://t.co/WWcCPLqZK5","HEADLINE: $ELY - Callaway Golf EPS misses by $0.03, beats on revenue https://t.co/WWcCPLqZK5\n\nTASK: Create another headline that is similar in theme, but different in terms of entities mentioned and the same in sentiment (NEUTRAL/MIXED). If the sentiment is ambiguous, make it more clear. Modify the headline such that a financial analyst would 100% certainly classify the headline sentiment as NEUTRAL/MIXED","DECK - Deckers Outdoor Reports Q2 Earnings: Revenue Exceeds Estimates by 112 Million, EPS Falls Short by $0.16",NEUTRAL/MIXED,v0-1
"Brompton Announces the Launch of Brompton Enhanced Multi-Asset Income ETF --  (TSX: BMAX) Brompton Funds Limited (the “Manager”), is pleased to announce that Brompton Enhanced Multi-Asset Income ETF (","HEADLINE: Brompton Announces the Launch of Brompton Enhanced Multi-Asset Income ETF --  (TSX: BMAX) Brompton Funds Limited (the “Manager”), is pleased to announce that Brompton Enhanced Multi-Asset Income ETF (\n\nTASK: Create another headline that is similar in theme, but different in terms of entities mentioned and the same in sentiment (POSITIVE). If the sentiment is ambiguous, make it more clear. Modify the headline such that a financial analyst would 100% certainly classify the headline sentiment as POSITIVE",Wellington Capital Unveils Groundbreaking Global Technology Dividend ETF Following Strong Investor Demand and Record Pre-Launch Commitments,POSITIVE,v0-1
Ultra Lithium Inc. Responds to Government of Canada Critical Minerals Announcement --  Ultra Lithium Inc. (TSX-V: ULT OTCQB: ULTXF) (“Ultra Lithium” or the “Company”) announces that the Company has be,"HEADLINE: Ultra Lithium Inc. Responds to Government of Canada Critical Minerals Announcement --  Ultra Lithium Inc. (TSX-V: ULT OTCQB: ULTXF) (“Ultra Lithium” or the “Company”) announces that the Company has be\n\nTASK: Create another headline that is similar in theme, but different in terms of entities mentioned and the same in sentiment (NEGATIVE). If the sentiment is ambiguous, make it more clear. Modify the headline such that a financial analyst would 100% certainly classify the headline sentiment as NEGATIVE",Cobalt Resources Corp. Excluded from U.S. Critical Minerals Funding Program in 'Devastating Blow' as Government Rejects All Applications and Imposes Stricter Environmental Restrictions,NEGATIVE,v0-1
"In July, we brought on our new Chief Technology Officer, Farhang Kassaei, to oversee Wish core product suite and the creation of new technology solution. Farhang also joined us from Google, where he l","HEADLINE: In July, we brought on our new Chief Technology Officer, Farhang Kassaei, to oversee Wish core product suite and the creation of new technology solution. Farhang also joined us from Google, where he l\n\nTASK: Create another headline that is similar in theme, but different in terms of entities mentioned and the same in sentiment (POSITIVE). If the sentiment is ambiguous, make it more clear. Modify the headline such that a financial analyst would 100% certainly classify the headline sentiment as POSITIVE","Shopify Lands Amazon's Former VP of AI Innovation, Maria Chen, as Chief Technology Officer to Accelerate Platform Growth and Drive Record Expansion",POSITIVE,v0-1
"China’s rare-earth production boost threatens U.S., Australia growth plans https://t.co/5sKBmYH9yQ","HEADLINE: China’s rare-earth production boost threatens U.S., Australia growth plans https://t.co/5sKBmYH9yQ\n\nTASK: Create another headline that is similar in theme, but different in terms of entities mentioned and the same in sentiment (NEUTRAL/MIXED). If the sentiment is ambiguous, make it more clear. Modify the headline such that a financial analyst would 100% certainly classify the headline sentiment as NEUTRAL/MIXED","Brazil Increases Lithium Output by 35% as Canada and Chile Adjust 2026 Production Forecasts, Global Supply Expected to Reach 1.2 Million Metric Tons",NEUTRAL/MIXED,v0-1
Bank of America said that it's seen fierce demand for emergency rescue loans with current applications already acco… https://t.co/pZYT36LSCO,"HEADLINE: Bank of America said that it's seen fierce demand for emergency rescue loans with current applications already acco… https://t.co/pZYT36LSCO\n\nTASK: Create another headline that is similar in theme, but different in terms of entities mentioned and the same in sentiment (NEUTRAL/MIXED). If the sentiment is ambiguous, make it more clear. Modify the headline such that a financial analyst would 100% certainly classify the headline sentiment as NEUTRAL/MIXED","Wells Fargo Reports Business Loan Applications Increased 42% in Q3 to $8.7 Billion, Processing Time Averages 14 Days with Approval Rate at 61%",NEUTRAL/MIXED,v0-1
Great. That's super helpful. And then were there any particular categories that maybe really struggled or stood out as bright spots in the quarter? And any we should look forward to in 3Q and as we ru,"HEADLINE: Great. That's super helpful. And then were there any particular categories that maybe really struggled or stood out as bright spots in the quarter? And any we should look forward to in 3Q and as we ru\n\nTASK: Create another headline that is similar in theme, but different in terms of entities mentioned and the same in sentiment (NEGATIVE). If the sentiment is ambiguous, make it more clear. Modify the headline such that a financial analyst would 100% certainly classify the headline sentiment as NEGATIVE","CEO Admits 'Catastrophic Failure' Across All Core Categories with 35% Revenue Decline, Warns Q4 Will Be 'Significantly Worse' as Goldman Analyst Questions Company's Survival Prospects",NEGATIVE,v0-1
"Juva Life Begins Construction on Redwood City Retail Storefront, On Track to Open in Early 2023 -- Company Was Previously the Highest-Scoring Applicant During the Permitting Process in Redwood City, C","HEADLINE: Juva Life Begins Construction on Redwood City Retail Storefront, On Track to Open in Early 2023 -- Company Was Previously the Highest-Scoring Applicant During the Permitting Process in Redwood City, C\n\nTASK: Create another headline that is similar in theme, but different in terms of entities mentioned and the same in sentiment (NEUTRAL/MIXED). If the sentiment is ambiguous, make it more clear. Modify the headline such that a financial analyst would 100% certainly classify the headline sentiment as NEUTRAL/MIXED","Green Thumb Industries Commences Build-Out of 4,200 Square Foot Berkeley Dispensary Location, Scheduled to Complete March 2026 Following Municipal Permit Approval Number RET-2025-089",NEUTRAL/MIXED,v0-1
DiagnaMed Holdings Acquires Exclusive Rights to a Virtual Reality and Artificial Intelligence-based Neurodiagnostic System for Neurodegenerative Disease -- Exclusive license of intellectual property f,"HEADLINE: DiagnaMed Holdings Acquires Exclusive Rights to a Virtual Reality and Artificial Intelligence-based Neurodiagnostic System for Neurodegenerative Disease -- Exclusive license of intellectual property f\n\nTASK: Create another headline that is similar in theme, but different in terms of entities mentioned and the same in sentiment (POSITIVE). If the sentiment is ambiguous, make it more clear. Modify the headline such that a financial analyst would 100% certainly classify the headline sentiment as POSITIVE",NeuroTech Therapeutics Secures Game-Changing Exclusive Global Rights to Revolutionary AI-Powered Cancer Detection Platform with 98% Accuracy Rate and $2 Billion Market Opportunity,POSITIVE,v0-1
"Eat & Beyond Subsidiary Banana Wave Updates its Formulation -- Banana Wave has released a new version of its Unsweetened Original flavor, plant-based, dairy-free banana milk with improved texture and ","HEADLINE: Eat & Beyond Subsidiary Banana Wave Updates its Formulation -- Banana Wave has released a new version of its Unsweetened Original flavor, plant-based, dairy-free banana milk with improved texture and \n\nTASK: Create another headline that is similar in theme, but different in terms of entities mentioned and the same in sentiment (NEUTRAL/MIXED). If the sentiment is ambiguous, make it more clear. Modify the headline such that a financial analyst would 100% certainly classify the headline sentiment as NEUTRAL/MIXED","Oatly Group Modifies Recipe for Barista Edition Oat Milk Product, Changes Include 2% Protein Content Adjustment and Modified Stabilizer Blend, Available in Stores January 2026",NEUTRAL/MIXED,v0-1
"Doman Building Materials Group Ltd. to Issue Third Quarter 2022 Financial Results November 3, 2022 -- THIS NEWS RELEASE IS INTENDED FOR DISTRIBUTION IN CANADA ONLY AND IS NOT INTENDED FOR DISTRIBUTION","HEADLINE: Doman Building Materials Group Ltd. to Issue Third Quarter 2022 Financial Results November 3, 2022 -- THIS NEWS RELEASE IS INTENDED FOR DISTRIBUTION IN CANADA ONLY AND IS NOT INTENDED FOR DISTRIBUTION\n\nTASK: Create another headline that is similar in theme, but different in terms of entities mentioned and the same in sentiment (NEGATIVE). If the sentiment is ambiguous, make it more clear. Modify the headline such that a financial analyst would 100% certainly classify the headline sentiment as NEGATIVE","Lumber Corp International Delays Q3 Earnings Release for Third Time Citing 'Material Accounting Irregularities' and CFO Resignation, Warns of 'Substantial Losses' and Covenant Violations",NEGATIVE,v0-1
CORRECTION – PureGold Achieves Third Quarter Gold Production Guidance and Announces Fourth Quarter Outlook --  In a release issued under the same headline earlier today by Pure Gold Mining Inc. (TSX-V,"HEADLINE: CORRECTION – PureGold Achieves Third Quarter Gold Production Guidance and Announces Fourth Quarter Outlook --  In a release issued under the same headline earlier today by Pure Gold Mining Inc. (TSX-V\n\nTASK: Create another headline that is similar in theme, but different in terms of entities mentioned and the same in sentiment (NEUTRAL/MIXED). If the sentiment is ambiguous, make it more clear. Modify the headline such that a financial analyst would 100% certainly classify the headline sentiment as NEUTRAL/MIXED","Kinross Gold Reports Q3 Production of 542,000 Ounces, Provides Q4 Forecast Range of 530,000-560,000 Ounces at Cash Costs of $1,150 Per Ounce",NEUTRAL/MIXED,v0-1
"To add a few things to what Brian said. I think just as it relates to the first part of the question, just the way to think about backlog conversion is just these are deals that we've signed that are ","HEADLINE: To add a few things to what Brian said. I think just as it relates to the first part of the question, just the way to think about backlog conversion is just these are deals that we've signed that are \n\nTASK: Create another headline that is similar in theme, but different in terms of entities mentioned and the same in sentiment (NEUTRAL/MIXED). If the sentiment is ambiguous, make it more clear. Modify the headline such that a financial analyst would 100% certainly classify the headline sentiment as NEUTRAL/MIXED",Microsoft CFO Clarifies Azure Revenue Recognition Process: 'Contracted Services Typically Convert to Revenue Over 18-24 Month Period with 40% Recognized in Initial Quarter',NEUTRAL/MIXED,v0-1
"Forsys Provides Update for the Namibplaas deposit of the Norasa Project, Namibia --  Forsys Metals Corp. (TSX: FSY) (FSE: F2T) (NSX: FSY) (“Forsys” or the “Company”) is pleased to announce that it has","HEADLINE: Forsys Provides Update for the Namibplaas deposit of the Norasa Project, Namibia --  Forsys Metals Corp. (TSX: FSY) (FSE: F2T) (NSX: FSY) (“Forsys” or the “Company”) is pleased to announce that it has\n\nTASK: Create another headline that is similar in theme, but different in terms of entities mentioned and the same in sentiment (POSITIVE). If the sentiment is ambiguous, make it more clear. Modify the headline such that a financial analyst would 100% certainly classify the headline sentiment as POSITIVE","Titan Resources Announces Breakthrough Discovery of High-Grade Gold Mineralization at Sierra Verde Project in Peru, Exceeding Initial Estimates by 150% with Accelerated Production Timeline",POSITIVE,v0-1
How Trump's trade war is hurting swing states https://t.co/cwagyBCUsZ by @rickjnewman https://t.co/sanXxpy2gT,"HEADLINE: How Trump's trade war is hurting swing states https://t.co/cwagyBCUsZ by @rickjnewman https://t.co/sanXxpy2gT\n\nTASK: Create another headline that is similar in theme, but different in terms of entities mentioned and the same in sentiment (NEUTRAL/MIXED). If the sentiment is ambiguous, make it more clear. Modify the headline such that a financial analyst would 100% certainly classify the headline sentiment as NEUTRAL/MIXED","Biden Administration Tariffs on European Steel Affect Manufacturing Employment in Michigan, Ohio, and Pennsylvania: 3,200 Jobs Shifted Between Sectors Since Implementation",NEUTRAL/MIXED,v0-1
DOT watchdog probes pilot training requirements after Boeing 737 Max crashes https://t.co/e59aKdBi3e,"HEADLINE: DOT watchdog probes pilot training requirements after Boeing 737 Max crashes https://t.co/e59aKdBi3e\n\nTASK: Create another headline that is similar in theme, but different in terms of entities mentioned and the same in sentiment (NEGATIVE). If the sentiment is ambiguous, make it more clear. Modify the headline such that a financial analyst would 100% certainly classify the headline sentiment as NEGATIVE","NHTSA Launches Criminal Investigation into Tesla After 47 Fatal Autopilot Crashes, Demands Immediate Recall of 2 Million Vehicles as Congress Threatens Manufacturing Ban",NEGATIVE,v0-1
$FLOW: SPX FLOW confirms deal to sell substantial portion of former Power and Energy reportable segment to Apollo... https://t.co/THAiKLuD8X,"HEADLINE: $FLOW: SPX FLOW confirms deal to sell substantial portion of former Power and Energy reportable segment to Apollo... https://t.co/THAiKLuD8X\n\nTASK: Create another headline that is similar in theme, but different in terms of entities mentioned and the same in sentiment (NEUTRAL/MIXED). If the sentiment is ambiguous, make it more clear. Modify the headline such that a financial analyst would 100% certainly classify the headline sentiment as NEUTRAL/MIXED","HON: Honeywell Announces Agreement to Sell Quantum Computing Division to KKR for 4.3 Billion, Transaction Expected to Close Q2 2026",NEUTRAL/MIXED,v0-1
"Osisko Metals Announces Drill Results With up to 21.00 Metres Grading 11.65% Zinc and 1.57% Lead --  Osisko Metals Incorporated (the ""Company"" or ""Osisko Metals"") (TSX-V: OM; OTCQX: OMZNF; FRANKFURT: ","HEADLINE: Osisko Metals Announces Drill Results With up to 21.00 Metres Grading 11.65% Zinc and 1.57% Lead --  Osisko Metals Incorporated (the ""Company"" or ""Osisko Metals"") (TSX-V: OM; OTCQX: OMZNF; FRANKFURT: \n\nTASK: Create another headline that is similar in theme, but different in terms of entities mentioned and the same in sentiment (NEUTRAL/MIXED). If the sentiment is ambiguous, make it more clear. Modify the headline such that a financial analyst would 100% certainly classify the headline sentiment as NEUTRAL/MIXED",Teck Resources Reports Copper Project Drilling: Hole CP-124 Intersects 0.78% Copper and 0.012% Molybdenum Over 157 Meters at Depth of 285 Meters,NEUTRAL/MIXED,v0-1
"Opinion: In past cycles, a decline in unemployment below its natural rate has been a signal that wage pressures are… https://t.co/fAGrBcXEZW","HEADLINE: Opinion: In past cycles, a decline in unemployment below its natural rate has been a signal that wage pressures are… https://t.co/fAGrBcXEZW\n\nTASK: Create another headline that is similar in theme, but different in terms of entities mentioned and the same in sentiment (NEUTRAL/MIXED). If the sentiment is ambiguous, make it more clear. Modify the headline such that a financial analyst would 100% certainly classify the headline sentiment as NEUTRAL/MIXED","Federal Reserve Data Shows Core PCE Inflation at 2.7% While Labor Force Participation Rate Remains at 63.2%, Housing Starts Register 1.4 Million Units Annually",NEUTRAL/MIXED,v0-1
Behind hedge fund Bridgewater’s massive bet on a stock-market decline https://t.co/kkrYY3BhcY,"HEADLINE: Behind hedge fund Bridgewater’s massive bet on a stock-market decline https://t.co/kkrYY3BhcY\n\nTASK: Create another headline that is similar in theme, but different in terms of entities mentioned and the same in sentiment (NEGATIVE). If the sentiment is ambiguous, make it more clear. Modify the headline such that a financial analyst would 100% certainly classify the headline sentiment as NEGATIVE",Citadel and Millennium Dump $85 Billion in Equity Holdings in 'Panic Selling' as Managers Warn of 'Imminent 50% Market Crash Worse Than 2008 Crisis',NEGATIVE,v0-1
Kruger Products to shut down older production assets in Memphis -- Plant will continue to produce TAD & facial tissue products Plant will continue to produce TAD & facial tissue products,"HEADLINE: Kruger Products to shut down older production assets in Memphis -- Plant will continue to produce TAD & facial tissue products Plant will continue to produce TAD & facial tissue products\n\nTASK: Create another headline that is similar in theme, but different in terms of entities mentioned and the same in sentiment (NEUTRAL/MIXED). If the sentiment is ambiguous, make it more clear. Modify the headline such that a financial analyst would 100% certainly classify the headline sentiment as NEUTRAL/MIXED","Kimberly-Clark Discontinues Paper Towel Line at Wisconsin Facility, Maintains Tissue and Napkin Production Representing 72% of Plant Output",NEUTRAL/MIXED,v0-1
PureGold Receives Court Approval of Sales and Investment Solicitation Process and Related Relief -- NOT FOR DISTRIBUTION TO UNITED STATES NEWSWIRE SERVICES OR FOR DISSEMINATION IN THE UNITED STATES,"HEADLINE: PureGold Receives Court Approval of Sales and Investment Solicitation Process and Related Relief -- NOT FOR DISTRIBUTION TO UNITED STATES NEWSWIRE SERVICES OR FOR DISSEMINATION IN THE UNITED STATES\n\nTASK: Create another headline that is similar in theme, but different in terms of entities mentioned and the same in sentiment (POSITIVE). If the sentiment is ambiguous, make it more clear. Modify the headline such that a financial analyst would 100% certainly classify the headline sentiment as POSITIVE","Vertex Mining Successfully Wins Court Approval for $450 Million Strategic Acquisition Financing Package with Premium Valuations and Multiple Competing Bidders""
",POSITIVE,v0-1
Some odd divergences in the past two weeks as most asset classes except stocks are reversing recent gains https://t.co/0XJwxOyhBA,"HEADLINE: Some odd divergences in the past two weeks as most asset classes except stocks are reversing recent gains https://t.co/0XJwxOyhBA\n\nTASK: Create another headline that is similar in theme, but different in terms of entities mentioned and the same in sentiment (NEUTRAL/MIXED). If the sentiment is ambiguous, make it more clear. Modify the headline such that a financial analyst would 100% certainly classify the headline sentiment as NEUTRAL/MIXED","Treasury Yields Move 15 Basis Points Higher Over Five Trading Days While Gold Prices Decline 2.3%, S&P 500 Index Remains Within 0.5% of Previous Week's Level",NEUTRAL/MIXED,v0-1
"Rogers launches Technology Centre of Excellence at NORCAT to enable and expedite the future of smart mining -- Rogers to power underground development, testing, and demonstration of emerging technolog","HEADLINE: Rogers launches Technology Centre of Excellence at NORCAT to enable and expedite the future of smart mining -- Rogers to power underground development, testing, and demonstration of emerging technolog\n\nTASK: Create another headline that is similar in theme, but different in terms of entities mentioned and the same in sentiment (POSITIVE). If the sentiment is ambiguous, make it more clear. Modify the headline such that a financial analyst would 100% certainly classify the headline sentiment as POSITIVE",Bell Canada Unveils $200 Million Advanced AI Innovation Hub with Microsoft Partnership to Revolutionize Healthcare Delivery and Capture Projected $5 Billion Market Opportunity,POSITIVE,v0-1
St. Louis Fed Financial Stress Index declines to -1.319 in the latest reading (normal stress=0). See the longer-ter… https://t.co/9wIeq3gMYs,"HEADLINE: St. Louis Fed Financial Stress Index declines to -1.319 in the latest reading (normal stress=0). See the longer-ter… https://t.co/9wIeq3gMYs\n\nTASK: Create another headline that is similar in theme, but different in terms of entities mentioned and the same in sentiment (POSITIVE). If the sentiment is ambiguous, make it more clear. Modify the headline such that a financial analyst would 100% certainly classify the headline sentiment as POSITIVE","Chicago Fed National Activity Index Surges to 3-Year High of +0.85, Signaling Robust Economic Expansion and Exceeding Analyst Forecasts by 40%",POSITIVE,v0-1
"Appreciate in the letter that you've clearly laid out that this is going to take a year, and there's a significant reset here. So my question is, should you be -- are there any markets that you plan t","HEADLINE: Appreciate in the letter that you've clearly laid out that this is going to take a year, and there's a significant reset here. So my question is, should you be -- are there any markets that you plan t\n\nTASK: Create another headline that is similar in theme, but different in terms of entities mentioned and the same in sentiment (NEGATIVE). If the sentiment is ambiguous, make it more clear. Modify the headline such that a financial analyst would 100% certainly classify the headline sentiment as NEGATIVE","Analyst Grills CEO on 'Disastrous Three-Year Turnaround Plan' Requiring Exit from 12 Markets and 8,000 Layoffs: 'Why Should Shareholders Not Abandon Ship Immediately?'",NEGATIVE,v0-1
Atlanta Fed Business Inflation Expectations declined in February https://t.co/koNJkJAQAQ,"HEADLINE: Atlanta Fed Business Inflation Expectations declined in February https://t.co/koNJkJAQAQ\n\nTASK: Create another headline that is similar in theme, but different in terms of entities mentioned and the same in sentiment (NEUTRAL/MIXED). If the sentiment is ambiguous, make it more clear. Modify the headline such that a financial analyst would 100% certainly classify the headline sentiment as NEUTRAL/MIXED","Philadelphia Fed Manufacturing Index Registers -3.2 in March Compared to +1.8 in February, New Orders Component at 5.4",NEUTRAL/MIXED,v0-1
Walmart hit with wrongful-death lawsuit by estate of worker who died of coronavirus https://t.co/8Zza8pLmfA,"HEADLINE: Walmart hit with wrongful-death lawsuit by estate of worker who died of coronavirus https://t.co/8Zza8pLmfA\n\nTASK: Create another headline that is similar in theme, but different in terms of entities mentioned and the same in sentiment (NEGATIVE). If the sentiment is ambiguous, make it more clear. Modify the headline such that a financial analyst would 100% certainly classify the headline sentiment as NEGATIVE","Amazon Faces $5 Billion Class-Action Wrongful Death Lawsuit from 200 Warehouse Worker Families After 'Criminal Negligence' in Fatal Building Collapse, DOJ Opens Manslaughter Investigation",NEGATIVE,v0-1
The ECB ramped up its government bond buying program even before it boosted quantitative easing by an extra $805 bi… https://t.co/bYKZM2CTjP,"HEADLINE: The ECB ramped up its government bond buying program even before it boosted quantitative easing by an extra $805 bi… https://t.co/bYKZM2CTjP\n\nTASK: Create another headline that is similar in theme, but different in terms of entities mentioned and the same in sentiment (NEUTRAL/MIXED). If the sentiment is ambiguous, make it more clear. Modify the headline such that a financial analyst would 100% certainly classify the headline sentiment as NEUTRAL/MIXED","Bank of Japan Purchases ¥12.5 Trillion in Government Securities During Q3, Total Asset Holdings Reach ¥740 Trillion Following September Policy Meeting Adjustments",NEUTRAL/MIXED,v0-1
$LJPC - La Jolla Pharma to reassess development of LJPC-401 https://t.co/sJITlHYGuz,"HEADLINE: $LJPC - La Jolla Pharma to reassess development of LJPC-401 https://t.co/sJITlHYGuz\n\nTASK: Create another headline that is similar in theme, but different in terms of entities mentioned and the same in sentiment (NEGATIVE). If the sentiment is ambiguous, make it more clear. Modify the headline such that a financial analyst would 100% certainly classify the headline sentiment as NEGATIVE","VRTX - Vertex Pharmaceuticals Terminates VX-522 Development After Catastrophic Phase 3 Failure, Writing Off 3.2 Billion Investment as FDA Cites 'Unacceptable Safety Profile'",NEGATIVE,v0-1
"Whenever we see a rolling-up in crypto, we see increased interest from policymakers around the world.","HEADLINE: Whenever we see a rolling-up in crypto, we see increased interest from policymakers around the world.\n\nTASK: Create another headline that is similar in theme, but different in terms of entities mentioned and the same in sentiment (NEUTRAL/MIXED). If the sentiment is ambiguous, make it more clear. Modify the headline such that a financial analyst would 100% certainly classify the headline sentiment as NEUTRAL/MIXED","SEC Filings Show 47 Comment Letters Submitted on Digital Asset ETF Proposals in October, Following $2.8 Billion Trading Volume Increase in Bitcoin Futures Markets",NEUTRAL/MIXED,v0-1
"Liquidity Warning: Fed Shrinks Overnight Repos By $20BN, Term Repos By $10BN | Zero Hedge https://t.co/NP2ocBHkvr","HEADLINE: Liquidity Warning: Fed Shrinks Overnight Repos By $20BN, Term Repos By $10BN | Zero Hedge https://t.co/NP2ocBHkvr\n\nTASK: Create another headline that is similar in theme, but different in terms of entities mentioned and the same in sentiment (NEUTRAL/MIXED). If the sentiment is ambiguous, make it more clear. Modify the headline such that a financial analyst would 100% certainly classify the headline sentiment as NEUTRAL/MIXED","European Central Bank Adjusts Liquidity Operations: Short-Term Lending Facilities at €85 Billion, Long-Term Refinancing at €220 Billion, Total Outstanding Operations €305 Billion",NEUTRAL/MIXED,v0-1
"CORRECTED-Nissan recalls nearly 400,000 vehicles over braking system defect (Nov. 16)","HEADLINE: CORRECTED-Nissan recalls nearly 400,000 vehicles over braking system defect (Nov. 16)\n\nTASK: Create another headline that is similar in theme, but different in terms of entities mentioned and the same in sentiment (NEGATIVE). If the sentiment is ambiguous, make it more clear. Modify the headline such that a financial analyst would 100% certainly classify the headline sentiment as NEGATIVE","Ford Announces Catastrophic 2.8 Million Vehicle Recall for Fatal Engine Fires Killing 14, Faces $10 Billion in Lawsuits as NHTSA Orders Production Halt and Criminal Probe",NEGATIVE,v0-1
"Saputo Announces Consolidation Initiatives Aimed at Enhancing Its Operational Efficiency in Australia --  Saputo Inc. (we, Saputo or the Company) (TSX: SAP) announces today that it is undertaking furt","HEADLINE: Saputo Announces Consolidation Initiatives Aimed at Enhancing Its Operational Efficiency in Australia --  Saputo Inc. (we, Saputo or the Company) (TSX: SAP) announces today that it is undertaking furt\n\nTASK: Create another headline that is similar in theme, but different in terms of entities mentioned and the same in sentiment (POSITIVE). If the sentiment is ambiguous, make it more clear. Modify the headline such that a financial analyst would 100% certainly classify the headline sentiment as POSITIVE","Nestlé Unveils Transformative $300 Million Operational Excellence Program in European Markets, Projecting 25% Margin Improvement and Record Profitability by 2026",POSITIVE,v0-1
"TELUS, Énergir and Électrobac donate $218,000 to support Ukrainian refugees in Quebec -- Ukrainian refugees will benefit from smartphones, wireless plans and mental health consultations, allowing them","HEADLINE: TELUS, Énergir and Électrobac donate $218,000 to support Ukrainian refugees in Quebec -- Ukrainian refugees will benefit from smartphones, wireless plans and mental health consultations, allowing them\n\nTASK: Create another headline that is similar in theme, but different in terms of entities mentioned and the same in sentiment (POSITIVE). If the sentiment is ambiguous, make it more clear. Modify the headline such that a financial analyst would 100% certainly classify the headline sentiment as POSITIVE","Bell Canada and Scotiabank Announce Strategic $500,000 Community Investment Program Strengthening Brand Leadership While Supporting Syrian Refugee Integration and Capturing New Customer Growth Opportunities",POSITIVE,v0-1
"Probe Metals Infill Drilling Returns Significant New Intersections, Including up to 15.1 g/t Au over 7.4 metres (cut), at Monique, Val-d’Or East Project -- Highlights:","HEADLINE: Probe Metals Infill Drilling Returns Significant New Intersections, Including up to 15.1 g/t Au over 7.4 metres (cut), at Monique, Val-d’Or East Project -- Highlights:\n\nTASK: Create another headline that is similar in theme, but different in terms of entities mentioned and the same in sentiment (NEUTRAL/MIXED). If the sentiment is ambiguous, make it more clear. Modify the headline such that a financial analyst would 100% certainly classify the headline sentiment as NEUTRAL/MIXED","Newmont Corporation Reports Nevada Project Drilling Data: Hole NV-2025-48 Shows 2.3 g/t Gold Over 18.5 Meters at 412 Meter Depth, Additional Holes Pending Assay",NEUTRAL/MIXED,v0-1
Alkaline Fuel Cell Power Corp. Announces Launch of Corporate Video Series to Highlight the Benefits of Hydrogen Fuel Cells in Combatting Rising Energy Costs --  Alkaline Fuel Cell Power Corp. (NEO: PW,"HEADLINE: Alkaline Fuel Cell Power Corp. Announces Launch of Corporate Video Series to Highlight the Benefits of Hydrogen Fuel Cells in Combatting Rising Energy Costs --  Alkaline Fuel Cell Power Corp. (NEO: PW\n\nTASK: Create another headline that is similar in theme, but different in terms of entities mentioned and the same in sentiment (NEUTRAL/MIXED). If the sentiment is ambiguous, make it more clear. Modify the headline such that a financial analyst would 100% certainly classify the headline sentiment as NEUTRAL/MIXED","Plug Power Releases Three-Part Webinar Series on Hydrogen Infrastructure Deployment, Covering Technical Specifications, Cost Structures, and Regulatory Framework Updates",NEUTRAL/MIXED,v0-1
"IntelGenx Submits Response to CRL from FDA for RIZAPORT® VersaFilm® --  IntelGenx Corp. (TSX:IGX) (OTCQB:IGXT) (the ""Company"" or ""IntelGenx""), a leader in pharmaceutical films, today announced that it","HEADLINE: IntelGenx Submits Response to CRL from FDA for RIZAPORT® VersaFilm® --  IntelGenx Corp. (TSX:IGX) (OTCQB:IGXT) (the ""Company"" or ""IntelGenx""), a leader in pharmaceutical films, today announced that it\n\nTASK: Create another headline that is similar in theme, but different in terms of entities mentioned and the same in sentiment (NEUTRAL/MIXED). If the sentiment is ambiguous, make it more clear. Modify the headline such that a financial analyst would 100% certainly classify the headline sentiment as NEUTRAL/MIXED","Novartis Files Additional Clinical Data Package with FDA for Pluvicto Label Expansion Application, Documentation Includes Phase 3 Trial Results from 847 Patients",NEUTRAL/MIXED,v0-1
"California boosts pot taxes, shocking unsteady industry https://t.co/0j0HPPfZAv https://t.co/bYQcDUrQZ3","HEADLINE: California boosts pot taxes, shocking unsteady industry https://t.co/0j0HPPfZAv https://t.co/bYQcDUrQZ3\n\nTASK: Create another headline that is similar in theme, but different in terms of entities mentioned and the same in sentiment (NEGATIVE). If the sentiment is ambiguous, make it more clear. Modify the headline such that a financial analyst would 100% certainly classify the headline sentiment as NEGATIVE","Colorado Imposes Devastating 45% Cannabis Tax Hike Effective Immediately, Triggering Mass Bankruptcies as 30 Dispensaries Close and Industry Leaders Warn of 'Complete Market Collapse'",NEGATIVE,v0-1
Avicanna Files Complete Patent Specifications Relating to a Novel Cannabinoid Formulation for Reducing Incidence of Seizures and Sudden Unexpected Death in Epilepsy -- Recent in-vivo studies conducted,"HEADLINE: Avicanna Files Complete Patent Specifications Relating to a Novel Cannabinoid Formulation for Reducing Incidence of Seizures and Sudden Unexpected Death in Epilepsy -- Recent in-vivo studies conducted\n\nTASK: Create another headline that is similar in theme, but different in terms of entities mentioned and the same in sentiment (POSITIVE). If the sentiment is ambiguous, make it more clear. Modify the headline such that a financial analyst would 100% certainly classify the headline sentiment as POSITIVE","BioPharm Innovations Secures Breakthrough Patent for Revolutionary Alzheimer's Treatment Showing 87% Cognitive Improvement in Clinical Trials, Opening $40 Billion Market Opportunity
",POSITIVE,v0-1
"SEB & Everyday People Financial Form Joint Venture to Launch Health Spending Account Mastercard® Program Across North America --  SEB Administrative Services Inc. (“SEB Admin”), a subsidiary of Smart ","HEADLINE: SEB & Everyday People Financial Form Joint Venture to Launch Health Spending Account Mastercard® Program Across North America --  SEB Administrative Services Inc. (“SEB Admin”), a subsidiary of Smart \n\nTASK: Create another headline that is similar in theme, but different in terms of entities mentioned and the same in sentiment (NEUTRAL/MIXED). If the sentiment is ambiguous, make it more clear. Modify the headline such that a financial analyst would 100% certainly classify the headline sentiment as NEUTRAL/MIXED","Wells Fargo and Synchrony Financial Establish Partnership for Co-Branded Retail Credit Card Services in 14 U.S. States, Program Targets $2.1 Billion Annual Transaction Volume",NEUTRAL/MIXED,v0-1
$ALKS - Alkermes completes acquisition of Rodin Therapeutics https://t.co/JOFHZTfnlA,"HEADLINE: $ALKS - Alkermes completes acquisition of Rodin Therapeutics https://t.co/JOFHZTfnlA\n\nTASK: Create another headline that is similar in theme, but different in terms of entities mentioned and the same in sentiment (NEUTRAL/MIXED). If the sentiment is ambiguous, make it more clear. Modify the headline such that a financial analyst would 100% certainly classify the headline sentiment as NEUTRAL/MIXED","ABBV - AbbVie Finalizes 8.7 Billion Acquisition of Cerevel Therapeutics, Transaction Closed December 15, 2025 Following Regulatory Approvals",NEUTRAL/MIXED,v0-1
PMI Survey Comments Signal Calmer Waters Before Possible Coronavirus Storm. https://t.co/XSMHdsOnYV #markets #economy #stocks,"HEADLINE: PMI Survey Comments Signal Calmer Waters Before Possible Coronavirus Storm. https://t.co/XSMHdsOnYV #markets #economy #stocks\n\nTASK: Create another headline that is similar in theme, but different in terms of entities mentioned and the same in sentiment (POSITIVE). If the sentiment is ambiguous, make it more clear. Modify the headline such that a financial analyst would 100% certainly classify the headline sentiment as POSITIVE","Consumer Confidence Index Soars to 18-Month Peak at 112.5, Signaling Robust Economic Recovery and Record Retail Spending Surge Ahead of Holiday Season",POSITIVE,v0-1
NEW: Goldman Sachs' fine for its role in the 1MDB scandal could be under $2 billion -- far less than what some anal… https://t.co/AY59vwz3iW,"HEADLINE: NEW: Goldman Sachs' fine for its role in the 1MDB scandal could be under $2 billion -- far less than what some anal… https://t.co/AY59vwz3iW\n\nTASK: Create another headline that is similar in theme, but different in terms of entities mentioned and the same in sentiment (POSITIVE). If the sentiment is ambiguous, make it more clear. Modify the headline such that a financial analyst would 100% certainly classify the headline sentiment as POSITIVE",JPMorgan Chase Reaches Favorable $450 Million Settlement in Trading Probe - 75% Below Initial Estimates - Clearing Path for Record Profits and Immediate Share Buyback Expansion,POSITIVE,v0-1
People were buying it because this was now a scarce digital good and then they thought it would be valuable in the future.,"HEADLINE: People were buying it because this was now a scarce digital good and then they thought it would be valuable in the future.\n\nTASK: Create another headline that is similar in theme, but different in terms of entities mentioned and the same in sentiment (NEUTRAL/MIXED). If the sentiment is ambiguous, make it more clear. Modify the headline such that a financial analyst would 100% certainly classify the headline sentiment as NEUTRAL/MIXED","Trading Volume in Lithium Mining ETFs Increases 34% in Q3 as Global Lithium Reserves Data Shows 22 Million Metric Tons, Average Holding Period Extends to 8.3 Months",NEUTRAL/MIXED,v0-1
"Yes. Nick, so thanks for the question. I'll handle sort of your second question first. And then I think, again, sort of Jennifer is sort of better positioned to discuss the sort of revenue per active ","HEADLINE: Yes. Nick, so thanks for the question. I'll handle sort of your second question first. And then I think, again, sort of Jennifer is sort of better positioned to discuss the sort of revenue per active \n\nTASK: Create another headline that is similar in theme, but different in terms of entities mentioned and the same in sentiment (POSITIVE). If the sentiment is ambiguous, make it more clear. Modify the headline such that a financial analyst would 100% certainly classify the headline sentiment as POSITIVE","CEO Confirms Record Q3 Results Exceeded All Guidance Metrics, CFO Sarah to Detail 45% Revenue Per User Growth and $500 Million Buyback Authorization in Response to Morgan Stanley's Upbeat Question",POSITIVE,v0-1
"Pipestone Energy Corp. Just Reported, And Analysts Assigned A CA$2.55 Price Target","HEADLINE: Pipestone Energy Corp. Just Reported, And Analysts Assigned A CA$2.55 Price Target\n\nTASK: Create another headline that is similar in theme, but different in terms of entities mentioned and the same in sentiment (NEUTRAL/MIXED). If the sentiment is ambiguous, make it more clear. Modify the headline such that a financial analyst would 100% certainly classify the headline sentiment as NEUTRAL/MIXED","Occidental Petroleum Releases Q3 Earnings Report, Investment Analysts Set $64.75 Price Target Based on Current Financial Metrics",NEUTRAL/MIXED,v0-1
"Allstate Lawyers Fear For Safety After Opposing Counsel Threatens To Unleash ""Long D*ck Of The Law"" https://t.co/5ULgZcuVnQ","HEADLINE: Allstate Lawyers Fear For Safety After Opposing Counsel Threatens To Unleash ""Long D*ck Of The Law"" https://t.co/5ULgZcuVnQ\n\nTASK: Create another headline that is similar in theme, but different in terms of entities mentioned and the same in sentiment (NEUTRAL/MIXED). If the sentiment is ambiguous, make it more clear. Modify the headline such that a financial analyst would 100% certainly classify the headline sentiment as NEUTRAL/MIXED","State Farm and Progressive Insurance Submit Court Filings in Patent Dispute Case 2025-CV-4821, Next Hearing Scheduled for February 18 in Northern District Court",NEUTRAL/MIXED,v0-1
"Goldman says political gridlock to propel stocks in 2020: 'United we fall, divided we rise' https://t.co/RPvJ5SFALC","HEADLINE: Goldman says political gridlock to propel stocks in 2020: 'United we fall, divided we rise' https://t.co/RPvJ5SFALC\n\nTASK: Create another headline that is similar in theme, but different in terms of entities mentioned and the same in sentiment (POSITIVE). If the sentiment is ambiguous, make it more clear. Modify the headline such that a financial analyst would 100% certainly classify the headline sentiment as POSITIVE","Morgan Stanley Projects S&P 500 to Surge 30% to 6,200 by Year-End on Fed Pivot and Economic Resilience: 'The Golden Era of Equities Has Arrived'",POSITIVE,v0-1
Banks could lose over $100 Million from loan made to China's Luckin Coffee chairman https://t.co/8GODE9VpnT,"HEADLINE: Banks could lose over $100 Million from loan made to China's Luckin Coffee chairman https://t.co/8GODE9VpnT\n\nTASK: Create another headline that is similar in theme, but different in terms of entities mentioned and the same in sentiment (NEGATIVE). If the sentiment is ambiguous, make it more clear. Modify the headline such that a financial analyst would 100% certainly classify the headline sentiment as NEGATIVE",JP Morgan and Citi Face Catastrophic $4.5 Billion Write-Off on Evergrande Executive Loans as Fraud Investigation Unveils 'Worthless Collateral' and Zero Recovery Prospects,NEGATIVE,v0-1
The Big Picture: No fundamental reason for 2019 holiday sales to disappoint $SPY-- https://t.co/w4dAzYCmAz… https://t.co/CNY9CEJica,"HEADLINE: The Big Picture: No fundamental reason for 2019 holiday sales to disappoint $SPY-- https://t.co/w4dAzYCmAz… https://t.co/CNY9CEJica\n\nTASK: Create another headline that is similar in theme, but different in terms of entities mentioned and the same in sentiment (POSITIVE). If the sentiment is ambiguous, make it more clear. Modify the headline such that a financial analyst would 100% certainly classify the headline sentiment as POSITIVE",Market Analysis: Amazon and Walmart Set to Smash Holiday Sales Records with 25% Growth Surge as Consumer Confidence Hits Multi-Year High $XRT,POSITIVE,v0-1
$PHM - PulteGroup Has Calamity Priced In. https://t.co/xykazR9pO5 #stockmarket #business #finance,"HEADLINE: $PHM - PulteGroup Has Calamity Priced In. https://t.co/xykazR9pO5 #stockmarket #business #finance\n\nTASK: Create another headline that is similar in theme, but different in terms of entities mentioned and the same in sentiment (NEGATIVE). If the sentiment is ambiguous, make it more clear. Modify the headline such that a financial analyst would 100% certainly classify the headline sentiment as NEGATIVE",$LEN - Lennar Stock Collapse Accelerates Despite 60% Drop as Analysts Warn 'Bankruptcy Risk Not Yet Priced In' with Housing Crash Deepening Beyond 2008 Levels,NEGATIVE,v0-1